3290	"datum"	"brouhaha_main"	"flat-fixedparam"	3291	"flat-app"	3293
3241	"datum"	"ack"	"flat-fixedparam"	3242	"flat-if"	3244
3201	"datum"	"flatten"	"flat-fixedparam"	3202	"flat-if"	3204
3161	"datum"	"list-set"	"flat-fixedparam"	3162	"flat-if"	3164
3102	"datum"	"append"	"flat-varparam"	3103	"flat-let"	3104
3075	"datum"	"append1"	"flat-fixedparam"	3076	"flat-if"	3078
3047	"datum"	"foldr"	"flat-fixedparam"	3048	"flat-if"	3050
3002	"datum"	"filter"	"flat-fixedparam"	3003	"flat-if"	3005
2970	"datum"	"map"	"flat-fixedparam"	2971	"flat-if"	2973
2931	"datum"	"member"	"flat-fixedparam"	2932	"flat-if"	2934
2903	"datum"	"list-ref"	"flat-fixedparam"	2904	"flat-if"	2906