3244	"flat-app"	3245	"flat-app"	3250	"flat-if"	3255
3255	"flat-app"	3256	"flat-app"	3261	"flat-app"	3270
3204	"flat-app"	3205	"flat-app"	3209	"flat-if"	3212
3212	"flat-app"	3213	"flat-app"	3217	"flat-app"	3234
3164	"flat-app"	3165	"flat-app"	3170	"flat-app"	3178
3132	"flat-app"	3133	"flat-app"	3137	"flat-app"	3142
3078	"flat-app"	3079	"flat-ref"	3083	"flat-app"	3084
3050	"flat-app"	3051	"flat-ref"	3055	"flat-app"	3056
3005	"flat-app"	3006	"flat-app"	3010	"flat-if"	3013
3013	"flat-app"	3014	"flat-app"	3021	"flat-app"	3036
2973	"flat-app"	2974	"flat-app"	2978	"flat-app"	2981
2934	"flat-if"	2935	"flat-bool"	2948	"flat-if"	2949
2949	"flat-app"	2950	"flat-ref"	2958	"flat-app"	2959
2935	"flat-app"	2936	"flat-app"	2940	"flat-app"	2944
2906	"flat-app"	2907	"flat-app"	2912	"flat-app"	2916