3236	"flat-app"	3237	"flat-app"	3253	"flat-ref"	3258
2992	"flat-app"	2993	"flat-ref"	2998	"flat-if"	2999
2999	"flat-if"	3000	"flat-app"	3170	"flat-app"	3184
3191	"flat-ref"	3192	"flat-bool"	3193	"flat-bool"	3194
3000	"flat-if"	3001	"flat-if"	3059	"flat-app"	3117
3059	"flat-if"	3060	"flat-if"	3088	"flat-bool"	3116
3088	"flat-app"	3089	"flat-app"	3098	"flat-app"	3107
3060	"flat-app"	3061	"flat-app"	3070	"flat-app"	3079
3001	"flat-if"	3002	"flat-if"	3030	"flat-bool"	3058
3030	"flat-app"	3031	"flat-app"	3040	"flat-app"	3049
3002	"flat-app"	3003	"flat-app"	3012	"flat-app"	3021
2964	"flat-app"	2965	"flat-ref"	2969	"flat-app"	2970
2941	"flat-app"	2942	"flat-int"	2946	"flat-app"	2947
2913	"flat-app"	2914	"flat-app"	2919	"flat-app"	2923