3331	"flat-app"	3332	"flat-app"	3355
3320	"flat-int"	3321	"flat-int"	3322
3315	"flat-int"	3316	"flat-int"	3317
3310	"flat-int"	3311	"flat-int"	3312
3305	"flat-int"	3306	"flat-int"	3307
3300	"flat-int"	3301	"flat-int"	3302
3295	"flat-int"	3296	"flat-int"	3297
3290	"flat-int"	3291	"flat-int"	3292
3285	"flat-int"	3286	"flat-int"	3287
3280	"flat-int"	3281	"flat-int"	3282
3275	"flat-int"	3276	"flat-int"	3277
3270	"flat-int"	3271	"flat-int"	3272
3265	"flat-int"	3266	"flat-int"	3267
3255	"flat-ref"	3256	"flat-int"	3257
3235	"datum"	"lst"	"datum"	"count"
3229	"datum"	"input1"	"datum"	"input2"
3217	"flat-app"	3218	"flat-int"	3222
3197	"flat-ref"	3198	"flat-int"	3199
3180	"flat-ref"	3181	"flat-int"	3182
3119	"flat-ref"	3120	"flat-app"	3121
3123	"flat-app"	3124	"flat-app"	3129
3131	"flat-app"	3132	"flat-app"	3157
3159	"flat-app"	3160	"flat-app"	3165
3167	"flat-ref"	3168	"flat-ref"	3169
3162	"flat-ref"	3163	"flat-ref"	3164
3134	"flat-app"	3135	"flat-app"	3148
3150	"flat-ref"	3151	"flat-app"	3152
3154	"flat-ref"	3155	"flat-ref"	3156
3137	"flat-app"	3138	"flat-app"	3143
3145	"flat-ref"	3146	"flat-ref"	3147
3140	"flat-ref"	3141	"flat-ref"	3142
3126	"flat-ref"	3127	"flat-ref"	3128
3109	"flat-ref"	3110	"flat-app"	3111
3113	"flat-ref"	3114	"flat-ref"	3115
3100	"flat-app"	3101	"flat-ref"	3106
3103	"flat-ref"	3104	"flat-ref"	3105
3091	"flat-app"	3092	"flat-ref"	3097
3094	"flat-ref"	3095	"flat-ref"	3096
3081	"flat-ref"	3082	"flat-app"	3083
3085	"flat-ref"	3086	"flat-ref"	3087
3072	"flat-app"	3073	"flat-ref"	3078
3075	"flat-ref"	3076	"flat-ref"	3077
3063	"flat-app"	3064	"flat-ref"	3069
3066	"flat-ref"	3067	"flat-ref"	3068
3051	"flat-ref"	3052	"flat-app"	3053
3055	"flat-ref"	3056	"flat-ref"	3057
3042	"flat-app"	3043	"flat-ref"	3048
3045	"flat-ref"	3046	"flat-ref"	3047
3033	"flat-app"	3034	"flat-ref"	3039
3036	"flat-ref"	3037	"flat-ref"	3038
3023	"flat-ref"	3024	"flat-app"	3025
3027	"flat-ref"	3028	"flat-ref"	3029
3014	"flat-app"	3015	"flat-ref"	3020
3017	"flat-ref"	3018	"flat-ref"	3019
3005	"flat-app"	3006	"flat-ref"	3011
3008	"flat-ref"	3009	"flat-ref"	3010
2995	"flat-ref"	2996	"flat-int"	2997
2976	"flat-app"	2977	"flat-ref"	2981
2949	"flat-int"	2950	"flat-app"	2951
2925	"flat-app"	2926	"flat-app"	2930
2932	"flat-ref"	2933	"flat-int"	2934
2916	"flat-int"	2917	"flat-ref"	2918
2912	"datum"	"lst"	"datum"	"n"
2871	"datum"	1	"datum"	2