3580	"flat-app"	3581	"flat-app"	3594	"flat-if"	3613
3613	"flat-app"	3614	"flat-app"	3623	"flat-if"	3633
3633	"flat-app"	3634	"flat-app"	3643	"flat-symbol"	3653
3428	"flat-app"	3429	"flat-ref"	3434	"flat-if"	3435
3435	"flat-app"	3436	"flat-ref"	3440	"flat-if"	3441
3441	"flat-if"	3442	"flat-app"	3499	"flat-app"	3563
3522	"flat-app"	3523	"flat-app"	3532	"flat-if"	3542
3542	"flat-app"	3543	"flat-app"	3552	"flat-symbol"	3562
3442	"flat-if"	3443	"flat-if"	3458	"flat-bool"	3498
3458	"flat-if"	3459	"flat-if"	3481	"flat-bool"	3497
3481	"flat-app"	3482	"flat-bool"	3495	"flat-bool"	3496
3459	"flat-app"	3460	"flat-bool"	3479	"flat-bool"	3480
3443	"flat-app"	3444	"flat-bool"	3456	"flat-bool"	3457
3211	"flat-app"	3212	"flat-app"	3216	"flat-if"	3219
3219	"flat-app"	3220	"flat-app"	3224	"flat-app"	3241
3171	"flat-app"	3172	"flat-app"	3177	"flat-app"	3185
3139	"flat-app"	3140	"flat-app"	3144	"flat-app"	3149
3085	"flat-app"	3086	"flat-ref"	3090	"flat-app"	3091
3057	"flat-app"	3058	"flat-ref"	3062	"flat-app"	3063
3012	"flat-app"	3013	"flat-app"	3017	"flat-if"	3020
3020	"flat-app"	3021	"flat-app"	3028	"flat-app"	3043
2980	"flat-app"	2981	"flat-app"	2985	"flat-app"	2988
2941	"flat-if"	2942	"flat-bool"	2955	"flat-if"	2956
2956	"flat-app"	2957	"flat-ref"	2965	"flat-app"	2966
2942	"flat-app"	2943	"flat-app"	2947	"flat-app"	2951
2913	"flat-app"	2914	"flat-app"	2919	"flat-app"	2923